2025-11-24_03-46-53,---,draft.py:2025-11-24_03-46-53
2025-11-29_17-25-10,---,draft.py:2025-11-24_03-46-53
2025-11-29_17-27-37,0,draft.py:2025-11-24_03-46-53
2025-11-29_17-27-38,0,draft.py:2025-11-24_03-46-53
2025-11-29_17-27-39,0,draft.py:2025-11-24_03-46-53
2025-11-29_17-27-39,0,draft.py:2025-11-24_03-46-53
2025-11-29_17-27-39,0,draft.py:2025-11-24_03-46-53
2025-11-29_17-27-40,0,draft.py:2025-11-24_03-46-53
2025-11-29_17-27-40,0,draft.py:2025-11-24_03-46-53
2025-11-29_17-27-41,0,draft.py:2025-11-24_03-46-53
2025-11-29_17-27-41,0,draft.py:2025-11-24_03-46-53
2025-11-29_17-27-41,0,draft.py:2025-11-24_03-46-53
2025-11-29_17-27-41,0,draft.py:2025-11-24_03-46-53
2025-11-29_17-27-42,0,draft.py:2025-11-24_03-46-53
2025-11-29_17-27-42,0,draft.py:2025-11-24_03-46-53
2025-11-29_17-27-42,0,draft.py:2025-11-24_03-46-53
2025-11-29_17-27-42,0,draft.py:2025-11-24_03-46-53
2025-11-29_17-27-43,0,draft.py:2025-11-24_03-46-53
2025-11-29_17-27-43,0,draft.py:2025-11-24_03-46-53
2025-11-29_17-27-43,0,draft.py:2025-11-24_03-46-53
2025-11-29_17-27-43,0,draft.py:2025-11-24_03-46-53
2025-11-29_17-27-43,0,draft.py:2025-11-24_03-46-53
2025-11-29_17-27-44,0,draft.py:2025-11-24_03-46-53
2025-11-29_17-27-44,0,draft.py:2025-11-24_03-46-53
2025-11-29_17-27-44,0,draft.py:2025-11-24_03-46-53
2025-11-29_17-27-44,0,draft.py:2025-11-24_03-46-53
2025-11-29_17-27-45,0,draft.py:2025-11-24_03-46-53
2025-11-29_17-27-45,0,draft.py:2025-11-24_03-46-53
2025-11-29_17-27-45,0,draft.py:2025-11-24_03-46-53
2025-11-29_17-27-45,0,draft.py:2025-11-24_03-46-53
2025-11-29_17-27-45,0,draft.py:2025-11-24_03-46-53
2025-11-29_17-27-46,0,draft.py:2025-11-24_03-46-53
2025-11-29_17-27-46,0,draft.py:2025-11-24_03-46-53
2025-11-29_17-27-46,0,draft.py:2025-11-24_03-46-53
2025-11-29_17-27-46,0,draft.py:2025-11-24_03-46-53
2025-11-29_17-27-46,0,draft.py:2025-11-24_03-46-53
2025-11-29_17-27-47,0,draft.py:2025-11-24_03-46-53
2025-11-29_17-27-47,0,draft.py:2025-11-24_03-46-53
2025-11-29_17-27-47,0,draft.py:2025-11-24_03-46-53
2025-11-29_17-27-47,0,draft.py:2025-11-24_03-46-53
2025-11-29_17-27-48,0,draft.py:2025-11-24_03-46-53
2025-11-29_17-27-48,0,draft.py:2025-11-24_03-46-53
2025-11-29_17-27-48,0,draft.py:2025-11-24_03-46-53
2025-11-29_17-47-11,0,draft.py:2025-11-29_17-47-11
2025-11-29_17-47-19,0,draft.py:2025-11-29_17-47-11
2025-11-29_17-47-20,0,draft.py:2025-11-29_17-47-11
2025-11-29_17-47-20,0,draft.py:2025-11-29_17-47-11
2025-11-29_17-47-21,0,draft.py:2025-11-29_17-47-11
2025-11-29_17-47-32,0,draft.py:2025-11-29_17-47-11
2025-11-29_17-55-10,0,draft.py:2025-11-29_17-55-10
2025-11-29_17-55-11,0,draft.py:2025-11-29_17-55-10
2025-11-29_18-00-17,0,draft.py:2025-11-29_18-00-17
2025-11-29_18-00-26,---,draft.py:2025-11-29_18-00-17
2025-11-29_18-05-15,0,draft.py:2025-11-29_18-05-15
2025-11-29_18-16-00,0,draft.py:2025-11-29_18-16-00
2025-11-29_18-16-01,0,draft.py:2025-11-29_18-16-00
2025-11-29_18-43-33,0,draft.py:2025-11-29_18-43-33
2025-11-29_18-43-34,0,draft.py:2025-11-29_18-43-33
2025-11-29_18-43-39,0,draft.py:2025-11-29_18-43-33
2025-11-29_18-43-40,0,draft.py:2025-11-29_18-43-33
2025-11-29_18-43-41,0,draft.py:2025-11-29_18-43-33
2025-11-29_18-43-46,0,draft.py:2025-11-29_18-43-33
2025-11-29_18-43-47,0,draft.py:2025-11-29_18-43-33
2025-11-29_18-43-47,0,draft.py:2025-11-29_18-43-33
2025-11-29_18-43-47,0,draft.py:2025-11-29_18-43-33
2025-11-29_18-43-47,0,draft.py:2025-11-29_18-43-33
2025-11-29_18-43-47,0,draft.py:2025-11-29_18-43-33
2025-11-29_18-43-48,0,draft.py:2025-11-29_18-43-33
2025-11-29_18-45-19,---,draft.py:2025-11-29_18-45-19
2025-11-29_18-46-52,0,draft.py:2025-11-29_18-46-52
2025-11-29_18-47-11,---,draft.py:2025-11-29_18-46-52
2025-11-29_19-04-44,0,draft.py:2025-11-29_19-04-44
2025-11-29_19-04-49,0,draft.py:2025-11-29_19-04-44
2025-11-29_19-04-51,---,draft.py:2025-11-29_19-04-44
2025-11-29_19-06-13,0,draft.py:2025-11-29_19-06-13
2025-11-29_19-06-14,0,draft.py:2025-11-29_19-06-13
2025-11-29_19-13-12,0,draft.py:2025-11-29_19-13-12
2025-11-29_19-13-18,0,draft.py:2025-11-29_19-13-12
2025-11-29_19-13-38,0,draft.py:2025-11-29_19-13-12
2025-11-29_19-13-39,0,draft.py:2025-11-29_19-13-12
2025-11-29_19-22-51,0,draft.py:2025-11-29_19-22-51
2025-11-29_19-37-23,0,draft.py:2025-11-29_19-37-23
2025-11-29_19-37-32,0,draft.py:2025-11-29_19-37-32
2025-11-29_19-37-41,---,draft.py:2025-11-29_19-37-32
2025-11-29_19-38-23,0,draft.py:2025-11-29_19-38-23
2025-11-29_19-39-27,0,draft.py:2025-11-29_19-39-27
2025-11-29_19-39-28,0,draft.py:2025-11-29_19-39-27
2025-11-29_19-39-31,---,draft.py:2025-11-29_19-39-27
2025-11-29_19-40-27,0,draft.py:2025-11-29_19-40-27
2025-11-29_19-40-28,0,draft.py:2025-11-29_19-40-27
2025-11-29_19-50-32,0,draft.py:2025-11-29_19-50-32
2025-11-29_19-51-12,0,draft.py:2025-11-29_19-50-32
2025-11-29_19-59-19,0,draft.py:2025-11-29_19-50-32
2025-11-29_19-59-20,0,draft.py:2025-11-29_19-50-32
2025-11-29_19-59-21,0,draft.py:2025-11-29_19-50-32
2025-11-29_19-59-21,0,draft.py:2025-11-29_19-50-32
2025-11-29_20-17-18,0,draft.py:2025-11-29_20-17-18
2025-11-29_20-25-32,0,draft.py:2025-11-29_20-25-32
2025-11-29_20-25-34,0,draft.py:2025-11-29_20-25-32
2025-11-29_20-30-12,0,draft.py:2025-11-29_20-30-12
2025-11-29_20-30-13,0,draft.py:2025-11-29_20-30-12
2025-11-29_20-30-14,0,draft.py:2025-11-29_20-30-12
2025-11-29_20-30-14,0,draft.py:2025-11-29_20-30-12
2025-11-29_20-30-14,0,draft.py:2025-11-29_20-30-12
2025-11-29_20-30-29,0,draft.py:2025-11-29_20-30-29
2025-11-29_20-30-30,0,draft.py:2025-11-29_20-30-29
2025-11-29_21-33-53,0,draft.py:2025-11-29_20-30-29
2025-11-29_21-33-55,---,draft.py:2025-11-29_20-30-29
2025-12-03_23-38-14,0,draft.py:2025-11-29_20-30-29
2025-12-03_23-38-43,0,draft.py:2025-11-29_20-30-29
2025-12-03_23-38-43,0,draft.py:2025-11-29_20-30-29
2025-12-03_23-38-44,0,draft.py:2025-11-29_20-30-29
2025-12-03_23-39-52,0,draft.py:2025-12-03_23-39-52
2025-12-03_23-39-54,0,draft.py:2025-12-03_23-39-52
2025-12-03_23-42-37,0,draft.py:2025-12-03_23-42-37
2025-12-03_23-43-42,0,draft.py:2025-12-03_23-43-42
2025-12-03_23-44-47,0,draft.py:2025-12-03_23-44-47
2025-12-03_23-44-47,0,draft.py:2025-12-03_23-44-47
2025-12-04_00-26-34,0,draft.py:2025-12-04_00-26-34
2025-12-04_00-44-16,25,draft.py:2025-12-04_00-44-16
2025-12-04_00-44-20,25,draft.py:2025-12-04_00-44-16
2025-12-04_00-45-03,100,draft.py:2025-12-04_00-45-03
2025-12-04_00-45-09,25,draft.py:2025-12-04_00-45-09
2025-12-04_00-48-36,25,draft.py:2025-12-04_00-48-36
2025-12-04_00-51-15,25,draft.py:2025-12-04_00-51-15
2025-12-04_00-51-53,25,draft.py:2025-12-04_00-51-53
2025-12-04_00-52-38,25,draft.py:2025-12-04_00-52-38
2025-12-04_00-53-05,25,draft.py:2025-12-04_00-53-05
2025-12-04_00-53-36,25,draft.py:2025-12-04_00-53-36
2025-12-04_00-53-54,25,draft.py:2025-12-04_00-53-54
2025-12-04_00-54-27,25,draft.py:2025-12-04_00-54-27
2025-12-04_00-55-14,100,draft.py:2025-12-04_00-55-14
